id,date_debut,date_fin,annee,mois,entite,zone,type_intervention,cout_tnd,created_at
1,01/01/2025,31/01/2025,2025,1,EOT,BAT,Total,0.0,2026-05-21 21:37:26
2,01/01/2025,31/01/2025,2025,1,EOT,BAT,Préventive,0.0,2026-05-21 21:37:26
3,01/01/2025,31/01/2025,2025,1,EOT,CMS,Total,0.0,2026-05-21 21:37:26
4,01/01/2025,31/01/2025,2025,1,EOT,CMS,Préventive,0.0,2026-05-21 21:37:26
5,01/01/2025,31/01/2025,2025,1,EOT,MAG,Total,0.0,2026-05-21 21:37:26
6,01/01/2025,31/01/2025,2025,1,EOT,MAG,Préventive,0.0,2026-05-21 21:37:26
7,01/01/2025,31/01/2025,2025,1,EOT,MEZ,Total,0.0,2026-05-21 21:37:26
8,01/01/2025,31/01/2025,2025,1,EOT,MEZ,Curative,0.0,2026-05-21 21:37:26
9,01/01/2025,31/01/2025,2025,1,EOT,SEP,Total,0.0,2026-05-21 21:37:26
10,01/01/2025,31/01/2025,2025,1,EOT,SEP,Préventive,0.0,2026-05-21 21:37:26
11,01/01/2025,31/01/2025,2025,1,EOT,THT,Total,0.0,2026-05-21 21:37:26
12,01/01/2025,31/01/2025,2025,1,EOT,THT,Préventive,0.0,2026-05-21 21:37:26
13,01/01/2025,31/01/2025,2025,1,SG,BAT,Curative,5791.6,2026-05-21 21:37:26
14,01/01/2025,31/01/2025,2025,1,SG,BAT,Préventive,0.0,2026-05-21 21:37:26
15,01/01/2025,31/01/2025,2025,1,SG,MAG,Total,0.0,2026-05-21 21:37:26
16,01/01/2025,31/01/2025,2025,1,SG,MAG,Préventive,0.0,2026-05-21 21:37:26
17,01/01/2025,31/01/2025,2025,1,SG,MEZ,Total,0.0,2026-05-21 21:37:26
18,01/01/2025,31/01/2025,2025,1,SG,MEZ,Préventive,0.0,2026-05-21 21:37:26
19,01/01/2025,31/01/2025,2025,1,SG,THT,Curative,1490.601,2026-05-21 21:37:26
20,01/01/2025,31/01/2025,2025,1,SG,THT,Préventive,0.0,2026-05-21 21:37:26
21,01/01/2026,31/01/2026,2026,1,EOT,BAT,Total,0.0,2026-05-21 21:37:26
22,01/01/2026,31/01/2026,2026,1,EOT,BAT,Préventive,0.0,2026-05-21 21:37:26
23,01/01/2026,31/01/2026,2026,1,EOT,CMS,Curative,1394.496,2026-05-21 21:37:26
24,01/01/2026,31/01/2026,2026,1,EOT,CMS,Préventive,0.0,2026-05-21 21:37:26
25,01/01/2026,31/01/2026,2026,1,EOT,MAG,Total,0.0,2026-05-21 21:37:26
26,01/01/2026,31/01/2026,2026,1,EOT,MAG,Préventive,0.0,2026-05-21 21:37:26
27,01/01/2026,31/01/2026,2026,1,EOT,MEZ,Total,0.0,2026-05-21 21:37:26
28,01/01/2026,31/01/2026,2026,1,EOT,MEZ,Préventive,0.0,2026-05-21 21:37:26
29,01/01/2026,31/01/2026,2026,1,EOT,SEP,Total,0.0,2026-05-21 21:37:26
30,01/01/2026,31/01/2026,2026,1,EOT,SEP,Préventive,0.0,2026-05-21 21:37:26
31,01/01/2026,31/01/2026,2026,1,EOT,THT,Total,0.0,2026-05-21 21:37:26
32,01/01/2026,31/01/2026,2026,1,EOT,THT,Préventive,0.0,2026-05-21 21:37:26
33,01/01/2026,31/01/2026,2026,1,SG,BAT,Curative,507.296,2026-05-21 21:37:26
34,01/01/2026,31/01/2026,2026,1,SG,BAT,Préventive,20927.403,2026-05-21 21:37:26
35,01/01/2026,31/01/2026,2026,1,SG,CMS,Total,0.0,2026-05-21 21:37:26
36,01/01/2026,31/01/2026,2026,1,SG,CMS,Préventive,0.0,2026-05-21 21:37:26
37,01/01/2026,31/01/2026,2026,1,SG,MAG,Total,0.0,2026-05-21 21:37:26
38,01/01/2026,31/01/2026,2026,1,SG,MAG,Préventive,0.0,2026-05-21 21:37:26
39,01/01/2026,31/01/2026,2026,1,SG,MEZ,Total,0.0,2026-05-21 21:37:26
40,01/01/2026,31/01/2026,2026,1,SG,MEZ,Préventive,0.0,2026-05-21 21:37:26
41,01/01/2026,31/01/2026,2026,1,SG,THT,Total,749.272,2026-05-21 21:37:26
42,01/01/2026,31/01/2026,2026,1,SG,THT,Curative,749.272,2026-05-21 21:37:26
43,01/01/2026,31/01/2026,2026,1,SG,THT,Préventive,0.0,2026-05-21 21:37:26
44,01/01/2026,31/01/2026,2026,1,SG,UAP4,Total,0.0,2026-05-21 21:37:26
45,01/01/2026,31/01/2026,2026,1,SG,UAP4,Préventive,0.0,2026-05-21 21:37:26
46,01/02/2025,28/02/2025,2025,2,EOT,CMS,Total,0.0,2026-05-21 21:37:26
47,01/02/2025,28/02/2025,2025,2,EOT,CMS,Curative,0.0,2026-05-21 21:37:26
48,01/02/2025,28/02/2025,2025,2,EOT,CMS,Préventive,0.0,2026-05-21 21:37:26
49,01/02/2025,28/02/2025,2025,2,EOT,MAG,Total,0.0,2026-05-21 21:37:26
50,01/02/2025,28/02/2025,2025,2,EOT,MAG,Préventive,0.0,2026-05-21 21:37:26
51,01/02/2025,28/02/2025,2025,2,EOT,MEZ,Total,0.0,2026-05-21 21:37:26
52,01/02/2025,28/02/2025,2025,2,EOT,MEZ,Préventive,0.0,2026-05-21 21:37:26
53,01/02/2025,28/02/2025,2025,2,EOT,SEP,Total,0.0,2026-05-21 21:37:26
54,01/02/2025,28/02/2025,2025,2,EOT,SEP,Préventive,0.0,2026-05-21 21:37:26
55,01/02/2025,28/02/2025,2025,2,EOT,THT,Total,0.0,2026-05-21 21:37:26
56,01/02/2025,28/02/2025,2025,2,EOT,THT,Préventive,0.0,2026-05-21 21:37:26
57,01/02/2025,28/02/2025,2025,2,SG,BAT,Curative,1022.32,2026-05-21 21:37:26
58,01/02/2025,28/02/2025,2025,2,SG,BAT,Préventive,0.0,2026-05-21 21:37:26
59,01/02/2025,28/02/2025,2025,2,SG,CMS,Total,0.0,2026-05-21 21:37:26
60,01/02/2025,28/02/2025,2025,2,SG,CMS,Curative,0.0,2026-05-21 21:37:26
61,01/02/2025,28/02/2025,2025,2,SG,CMS,Préventive,0.0,2026-05-21 21:37:26
62,01/02/2025,28/02/2025,2025,2,SG,MAG,Total,0.0,2026-05-21 21:37:26
63,01/02/2025,28/02/2025,2025,2,SG,MAG,Préventive,0.0,2026-05-21 21:37:26
64,01/02/2025,28/02/2025,2025,2,SG,MEZ,Total,0.0,2026-05-21 21:37:26
65,01/02/2025,28/02/2025,2025,2,SG,MEZ,Préventive,0.0,2026-05-21 21:37:26
66,01/02/2025,28/02/2025,2025,2,SG,THT,Total,629.561,2026-05-21 21:37:26
67,01/02/2025,28/02/2025,2025,2,SG,THT,Curative,629.561,2026-05-21 21:37:26
68,01/02/2025,28/02/2025,2025,2,SG,THT,Préventive,0.0,2026-05-21 21:37:26
69,01/02/2025,28/02/2025,2025,2,SG,UAP4,Total,0.0,2026-05-21 21:37:26
70,01/02/2025,28/02/2025,2025,2,SG,UAP4,Préventive,0.0,2026-05-21 21:37:26
71,01/02/2026,28/02/2026,2026,2,EOT,CMS,Total,569.079,2026-05-21 21:37:26
72,01/02/2026,28/02/2026,2026,2,EOT,CMS,Curative,569.079,2026-05-21 21:37:26
73,01/02/2026,28/02/2026,2026,2,EOT,CMS,Préventive,0.0,2026-05-21 21:37:26
74,01/02/2026,28/02/2026,2026,2,EOT,MAG,Total,0.0,2026-05-21 21:37:26
75,01/02/2026,28/02/2026,2026,2,EOT,MAG,Préventive,0.0,2026-05-21 21:37:26
76,01/02/2026,28/02/2026,2026,2,EOT,MEZ,Total,0.0,2026-05-21 21:37:26
77,01/02/2026,28/02/2026,2026,2,EOT,MEZ,Préventive,0.0,2026-05-21 21:37:26
78,01/02/2026,28/02/2026,2026,2,EOT,SEP,Total,47.768,2026-05-21 21:37:26
79,01/02/2026,28/02/2026,2026,2,EOT,SEP,Curative,47.768,2026-05-21 21:37:26
80,01/02/2026,28/02/2026,2026,2,EOT,SEP,Préventive,0.0,2026-05-21 21:37:26
81,01/02/2026,28/02/2026,2026,2,EOT,THT,Total,0.0,2026-05-21 21:37:26
82,01/02/2026,28/02/2026,2026,2,EOT,THT,Préventive,0.0,2026-05-21 21:37:26
83,01/02/2026,28/02/2026,2026,2,SG,BAT,Curative,4774.155,2026-05-21 21:37:26
84,01/02/2026,28/02/2026,2026,2,SG,BAT,Préventive,695.559,2026-05-21 21:37:26
85,01/02/2026,28/02/2026,2026,2,SG,CMS,Total,0.0,2026-05-21 21:37:26
86,01/02/2026,28/02/2026,2026,2,SG,CMS,Préventive,0.0,2026-05-21 21:37:26
87,01/02/2026,28/02/2026,2026,2,SG,MAG,Total,269.029,2026-05-21 21:37:26
88,01/02/2026,28/02/2026,2026,2,SG,MAG,Curative,269.029,2026-05-21 21:37:26
89,01/02/2026,28/02/2026,2026,2,SG,MAG,Préventive,0.0,2026-05-21 21:37:26
90,01/02/2026,28/02/2026,2026,2,SG,MEZ,Total,0.0,2026-05-21 21:37:26
91,01/02/2026,28/02/2026,2026,2,SG,MEZ,Préventive,0.0,2026-05-21 21:37:26
92,01/02/2026,28/02/2026,2026,2,SG,THT,Total,468.78,2026-05-21 21:37:26
93,01/02/2026,28/02/2026,2026,2,SG,THT,Curative,468.78,2026-05-21 21:37:26
94,01/02/2026,28/02/2026,2026,2,SG,THT,Préventive,0.0,2026-05-21 21:37:26
95,01/02/2026,28/02/2026,2026,2,SG,UAP4,Total,0.0,2026-05-21 21:37:26
96,01/02/2026,28/02/2026,2026,2,SG,UAP4,Préventive,0.0,2026-05-21 21:37:26
97,01/03/2025,31/03/2025,2025,3,EOT,BAT,Total,0.0,2026-05-21 21:37:26
98,01/03/2025,31/03/2025,2025,3,EOT,BAT,Curative,0.0,2026-05-21 21:37:26
99,01/03/2025,31/03/2025,2025,3,EOT,CMS,Total,0.0,2026-05-21 21:37:26
100,01/03/2025,31/03/2025,2025,3,EOT,CMS,Curative,0.0,2026-05-21 21:37:26
101,01/03/2025,31/03/2025,2025,3,EOT,CMS,Préventive,0.0,2026-05-21 21:37:26
102,01/03/2025,31/03/2025,2025,3,EOT,MAG,Total,0.0,2026-05-21 21:37:26
103,01/03/2025,31/03/2025,2025,3,EOT,MAG,Préventive,0.0,2026-05-21 21:37:26
104,01/03/2025,31/03/2025,2025,3,EOT,MEZ,Total,0.0,2026-05-21 21:37:26
105,01/03/2025,31/03/2025,2025,3,EOT,MEZ,Préventive,0.0,2026-05-21 21:37:26
106,01/03/2025,31/03/2025,2025,3,EOT,SEP,Total,0.0,2026-05-21 21:37:26
107,01/03/2025,31/03/2025,2025,3,EOT,SEP,Préventive,0.0,2026-05-21 21:37:26
108,01/03/2025,31/03/2025,2025,3,EOT,THT,Total,0.0,2026-05-21 21:37:26
109,01/03/2025,31/03/2025,2025,3,EOT,THT,Préventive,0.0,2026-05-21 21:37:26
110,01/03/2025,31/03/2025,2025,3,SG,BAT,Total,33.293,2026-05-21 21:37:26
111,01/03/2025,31/03/2025,2025,3,SG,BAT,Curative,33.293,2026-05-21 21:37:26
112,01/03/2025,31/03/2025,2025,3,SG,BAT,Préventive,0.0,2026-05-21 21:37:26
113,01/03/2025,31/03/2025,2025,3,SG,CMS,Total,0.0,2026-05-21 21:37:26
114,01/03/2025,31/03/2025,2025,3,SG,CMS,Curative,0.0,2026-05-21 21:37:26
115,01/03/2025,31/03/2025,2025,3,SG,MAG,Total,0.0,2026-05-21 21:37:26
116,01/03/2025,31/03/2025,2025,3,SG,MAG,Préventive,0.0,2026-05-21 21:37:26
117,01/03/2025,31/03/2025,2025,3,SG,MEZ,Total,0.0,2026-05-21 21:37:26
118,01/03/2025,31/03/2025,2025,3,SG,MEZ,Préventive,0.0,2026-05-21 21:37:26
119,01/03/2025,31/03/2025,2025,3,SG,THT,Curative,5619.083,2026-05-21 21:37:26
120,01/03/2025,31/03/2025,2025,3,SG,THT,Préventive,0.0,2026-05-21 21:37:26
121,01/03/2026,31/03/2026,2026,3,EOT,CMS,Total,0.0,2026-05-21 21:37:26
122,01/03/2026,31/03/2026,2026,3,EOT,CMS,Curative,0.0,2026-05-21 21:37:26
123,01/03/2026,31/03/2026,2026,3,EOT,CMS,Préventive,0.0,2026-05-21 21:37:26
124,01/03/2026,31/03/2026,2026,3,EOT,MAG,Total,0.0,2026-05-21 21:37:26
125,01/03/2026,31/03/2026,2026,3,EOT,MAG,Préventive,0.0,2026-05-21 21:37:26
126,01/03/2026,31/03/2026,2026,3,EOT,MEZ,Total,169.16,2026-05-21 21:37:26
127,01/03/2026,31/03/2026,2026,3,EOT,MEZ,Curative,169.16,2026-05-21 21:37:26
128,01/03/2026,31/03/2026,2026,3,EOT,MEZ,Préventive,0.0,2026-05-21 21:37:26
129,01/03/2026,31/03/2026,2026,3,EOT,SEP,Total,0.0,2026-05-21 21:37:26
130,01/03/2026,31/03/2026,2026,3,EOT,SEP,Préventive,0.0,2026-05-21 21:37:26
131,01/03/2026,31/03/2026,2026,3,EOT,THT,Total,0.0,2026-05-21 21:37:26
132,01/03/2026,31/03/2026,2026,3,EOT,THT,Préventive,0.0,2026-05-21 21:37:26
133,01/03/2026,31/03/2026,2026,3,SG,BAT,Curative,6188.367,2026-05-21 21:37:26
134,01/03/2026,31/03/2026,2026,3,SG,BAT,Préventive,348.042,2026-05-21 21:37:26
135,01/03/2026,31/03/2026,2026,3,SG,CMS,Total,0.0,2026-05-21 21:37:26
136,01/03/2026,31/03/2026,2026,3,SG,CMS,Curative,0.0,2026-05-21 21:37:26
137,01/03/2026,31/03/2026,2026,3,SG,CMS,Préventive,0.0,2026-05-21 21:37:26
138,01/03/2026,31/03/2026,2026,3,SG,MAG,Total,0.0,2026-05-21 21:37:26
139,01/03/2026,31/03/2026,2026,3,SG,MAG,Préventive,0.0,2026-05-21 21:37:26
140,01/03/2026,31/03/2026,2026,3,SG,MEZ,Total,0.0,2026-05-21 21:37:26
141,01/03/2026,31/03/2026,2026,3,SG,MEZ,Préventive,0.0,2026-05-21 21:37:26
142,01/03/2026,31/03/2026,2026,3,SG,THT,Total,921.198,2026-05-21 21:37:26
143,01/03/2026,31/03/2026,2026,3,SG,THT,Curative,921.198,2026-05-21 21:37:26
144,01/03/2026,31/03/2026,2026,3,SG,THT,Préventive,0.0,2026-05-21 21:37:26
145,01/04/2025,30/04/2025,2025,4,EOT,BAT,Total,0.0,2026-05-21 21:37:26
146,01/04/2025,30/04/2025,2025,4,EOT,BAT,Préventive,0.0,2026-05-21 21:37:26
147,01/04/2025,30/04/2025,2025,4,EOT,CMS,Total,0.0,2026-05-21 21:37:26
148,01/04/2025,30/04/2025,2025,4,EOT,CMS,Curative,0.0,2026-05-21 21:37:26
149,01/04/2025,30/04/2025,2025,4,EOT,CMS,Préventive,0.0,2026-05-21 21:37:26
150,01/04/2025,30/04/2025,2025,4,EOT,MAG,Total,0.0,2026-05-21 21:37:26
151,01/04/2025,30/04/2025,2025,4,EOT,MAG,Préventive,0.0,2026-05-21 21:37:26
152,01/04/2025,30/04/2025,2025,4,EOT,SEP,Total,0.0,2026-05-21 21:37:26
153,01/04/2025,30/04/2025,2025,4,EOT,SEP,Curative,0.0,2026-05-21 21:37:26
154,01/04/2025,30/04/2025,2025,4,EOT,SEP,Préventive,0.0,2026-05-21 21:37:26
155,01/04/2025,30/04/2025,2025,4,EOT,THT,Total,0.0,2026-05-21 21:37:26
156,01/04/2025,30/04/2025,2025,4,EOT,THT,Préventive,0.0,2026-05-21 21:37:26
157,01/04/2025,30/04/2025,2025,4,SG,BAT,Curative,5194.506,2026-05-21 21:37:26
158,01/04/2025,30/04/2025,2025,4,SG,BAT,Préventive,490.38,2026-05-21 21:37:26
159,01/04/2025,30/04/2025,2025,4,SG,CMS,Total,0.0,2026-05-21 21:37:26
160,01/04/2025,30/04/2025,2025,4,SG,CMS,Curative,0.0,2026-05-21 21:37:26
161,01/04/2025,30/04/2025,2025,4,SG,CMS,Préventive,0.0,2026-05-21 21:37:26
162,01/04/2025,30/04/2025,2025,4,SG,MAG,Total,367.2,2026-05-21 21:37:26
163,01/04/2025,30/04/2025,2025,4,SG,MAG,Curative,367.2,2026-05-21 21:37:26
164,01/04/2025,30/04/2025,2025,4,SG,MAG,Préventive,0.0,2026-05-21 21:37:26
165,01/04/2025,30/04/2025,2025,4,SG,MEZ,Total,0.0,2026-05-21 21:37:26
166,01/04/2025,30/04/2025,2025,4,SG,MEZ,Préventive,0.0,2026-05-21 21:37:26
167,01/04/2025,30/04/2025,2025,4,SG,THT,Total,949.136,2026-05-21 21:37:26
168,01/04/2025,30/04/2025,2025,4,SG,THT,Curative,949.136,2026-05-21 21:37:26
169,01/04/2025,30/04/2025,2025,4,SG,THT,Préventive,0.0,2026-05-21 21:37:26
170,01/04/2025,30/04/2025,2025,4,SG,UAP4,Total,0.0,2026-05-21 21:37:26
171,01/04/2025,30/04/2025,2025,4,SG,UAP4,Préventive,0.0,2026-05-21 21:37:26
172,01/05/2025,31/05/2025,2025,5,EOT,BAT,Total,0.0,2026-05-21 21:37:26
173,01/05/2025,31/05/2025,2025,5,EOT,BAT,Préventive,0.0,2026-05-21 21:37:26
174,01/05/2025,31/05/2025,2025,5,EOT,CMS,Total,0.0,2026-05-21 21:37:26
175,01/05/2025,31/05/2025,2025,5,EOT,CMS,Curative,0.0,2026-05-21 21:37:26
176,01/05/2025,31/05/2025,2025,5,EOT,CMS,Préventive,0.0,2026-05-21 21:37:26
177,01/05/2025,31/05/2025,2025,5,EOT,MAG,Total,0.0,2026-05-21 21:37:26
178,01/05/2025,31/05/2025,2025,5,EOT,MAG,Préventive,0.0,2026-05-21 21:37:26
179,01/05/2025,31/05/2025,2025,5,EOT,MEZ,Total,0.0,2026-05-21 21:37:26
180,01/05/2025,31/05/2025,2025,5,EOT,MEZ,Préventive,0.0,2026-05-21 21:37:26
181,01/05/2025,31/05/2025,2025,5,EOT,SEP,Total,0.0,2026-05-21 21:37:26
182,01/05/2025,31/05/2025,2025,5,EOT,SEP,Préventive,0.0,2026-05-21 21:37:26
183,01/05/2025,31/05/2025,2025,5,EOT,THT,Total,0.0,2026-05-21 21:37:26
184,01/05/2025,31/05/2025,2025,5,EOT,THT,Curative,0.0,2026-05-21 21:37:26
185,01/05/2025,31/05/2025,2025,5,EOT,THT,Préventive,0.0,2026-05-21 21:37:26
186,01/05/2025,31/05/2025,2025,5,SG,BAT,Total,851.324,2026-05-21 21:37:26
187,01/05/2025,31/05/2025,2025,5,SG,BAT,Curative,851.324,2026-05-21 21:37:26
188,01/05/2025,31/05/2025,2025,5,SG,BAT,Préventive,0.0,2026-05-21 21:37:26
189,01/05/2025,31/05/2025,2025,5,SG,CMS,Total,0.0,2026-05-21 21:37:26
190,01/05/2025,31/05/2025,2025,5,SG,CMS,Curative,0.0,2026-05-21 21:37:26
191,01/05/2025,31/05/2025,2025,5,SG,MAG,Total,0.0,2026-05-21 21:37:26
192,01/05/2025,31/05/2025,2025,5,SG,MAG,Curative,0.0,2026-05-21 21:37:26
193,01/05/2025,31/05/2025,2025,5,SG,MAG,Préventive,0.0,2026-05-21 21:37:26
194,01/05/2025,31/05/2025,2025,5,SG,MEZ,Total,0.0,2026-05-21 21:37:26
195,01/05/2025,31/05/2025,2025,5,SG,MEZ,Préventive,0.0,2026-05-21 21:37:26
196,01/05/2025,31/05/2025,2025,5,SG,THT,Curative,1059.763,2026-05-21 21:37:26
197,01/05/2025,31/05/2025,2025,5,SG,THT,Préventive,0.0,2026-05-21 21:37:26
198,01/06/2025,30/06/2025,2025,6,EOT,BAT,Total,0.0,2026-05-21 21:37:26
199,01/06/2025,30/06/2025,2025,6,EOT,BAT,Préventive,0.0,2026-05-21 21:37:26
200,01/06/2025,30/06/2025,2025,6,EOT,CMS,Total,0.0,2026-05-21 21:37:26
201,01/06/2025,30/06/2025,2025,6,EOT,CMS,Curative,0.0,2026-05-21 21:37:26
202,01/06/2025,30/06/2025,2025,6,EOT,CMS,Préventive,0.0,2026-05-21 21:37:26
203,01/06/2025,30/06/2025,2025,6,EOT,MAG,Total,0.0,2026-05-21 21:37:26
204,01/06/2025,30/06/2025,2025,6,EOT,MAG,Préventive,0.0,2026-05-21 21:37:26
205,01/06/2025,30/06/2025,2025,6,EOT,MEZ,Total,0.0,2026-05-21 21:37:26
206,01/06/2025,30/06/2025,2025,6,EOT,MEZ,Préventive,0.0,2026-05-21 21:37:26
207,01/06/2025,30/06/2025,2025,6,EOT,SEP,Total,0.0,2026-05-21 21:37:26
208,01/06/2025,30/06/2025,2025,6,EOT,SEP,Curative,0.0,2026-05-21 21:37:26
209,01/06/2025,30/06/2025,2025,6,EOT,SEP,Préventive,0.0,2026-05-21 21:37:26
210,01/06/2025,30/06/2025,2025,6,EOT,THT,Total,0.0,2026-05-21 21:37:26
211,01/06/2025,30/06/2025,2025,6,EOT,THT,Préventive,0.0,2026-05-21 21:37:26
212,01/06/2025,30/06/2025,2025,6,SG,BAT,Curative,1564.672,2026-05-21 21:37:26
213,01/06/2025,30/06/2025,2025,6,SG,BAT,Préventive,1467.0,2026-05-21 21:37:26
214,01/06/2025,30/06/2025,2025,6,SG,CMS,Total,0.0,2026-05-21 21:37:26
215,01/06/2025,30/06/2025,2025,6,SG,CMS,Préventive,0.0,2026-05-21 21:37:26
216,01/06/2025,30/06/2025,2025,6,SG,MAG,Total,0.0,2026-05-21 21:37:26
217,01/06/2025,30/06/2025,2025,6,SG,MAG,Préventive,0.0,2026-05-21 21:37:26
218,01/06/2025,30/06/2025,2025,6,SG,MEZ,Total,0.0,2026-05-21 21:37:26
219,01/06/2025,30/06/2025,2025,6,SG,MEZ,Préventive,0.0,2026-05-21 21:37:26
220,01/06/2025,30/06/2025,2025,6,SG,THT,Curative,1830.63,2026-05-21 21:37:26
221,01/06/2025,30/06/2025,2025,6,SG,THT,Préventive,0.0,2026-05-21 21:37:26
222,01/07/2025,31/07/2025,2025,7,EOT,BAT,Total,0.0,2026-05-21 21:37:26
223,01/07/2025,31/07/2025,2025,7,EOT,BAT,Préventive,0.0,2026-05-21 21:37:26
224,01/07/2025,31/07/2025,2025,7,EOT,CMS,Total,0.0,2026-05-21 21:37:26
225,01/07/2025,31/07/2025,2025,7,EOT,CMS,Préventive,0.0,2026-05-21 21:37:26
226,01/07/2025,31/07/2025,2025,7,EOT,MAG,Total,0.0,2026-05-21 21:37:26
227,01/07/2025,31/07/2025,2025,7,EOT,MAG,Préventive,0.0,2026-05-21 21:37:26
228,01/07/2025,31/07/2025,2025,7,EOT,MEZ,Total,0.0,2026-05-21 21:37:26
229,01/07/2025,31/07/2025,2025,7,EOT,MEZ,Préventive,0.0,2026-05-21 21:37:26
230,01/07/2025,31/07/2025,2025,7,EOT,SEP,Total,127.707,2026-05-21 21:37:26
231,01/07/2025,31/07/2025,2025,7,EOT,SEP,Préventive,127.707,2026-05-21 21:37:26
232,01/07/2025,31/07/2025,2025,7,EOT,THT,Total,0.0,2026-05-21 21:37:26
233,01/07/2025,31/07/2025,2025,7,EOT,THT,Préventive,0.0,2026-05-21 21:37:26
234,01/07/2025,31/07/2025,2025,7,SG,BAT,Curative,4412.367,2026-05-21 21:37:26
235,01/07/2025,31/07/2025,2025,7,SG,BAT,Préventive,405.277,2026-05-21 21:37:26
236,01/07/2025,31/07/2025,2025,7,SG,CMS,Total,45.0,2026-05-21 21:37:26
237,01/07/2025,31/07/2025,2025,7,SG,CMS,Curative,45.0,2026-05-21 21:37:26
238,01/07/2025,31/07/2025,2025,7,SG,CMS,Préventive,0.0,2026-05-21 21:37:26
239,01/07/2025,31/07/2025,2025,7,SG,MAG,Total,0.0,2026-05-21 21:37:26
240,01/07/2025,31/07/2025,2025,7,SG,MAG,Curative,0.0,2026-05-21 21:37:26
241,01/07/2025,31/07/2025,2025,7,SG,MAG,Préventive,0.0,2026-05-21 21:37:26
242,01/07/2025,31/07/2025,2025,7,SG,MEZ,Total,0.0,2026-05-21 21:37:26
243,01/07/2025,31/07/2025,2025,7,SG,MEZ,Préventive,0.0,2026-05-21 21:37:26
244,01/07/2025,31/07/2025,2025,7,SG,THT,Curative,1953.59,2026-05-21 21:37:26
245,01/07/2025,31/07/2025,2025,7,SG,THT,Préventive,0.0,2026-05-21 21:37:26
246,01/08/2025,31/08/2025,2025,8,EOT,CMS,Total,0.0,2026-05-21 21:37:26
247,01/08/2025,31/08/2025,2025,8,EOT,CMS,Curative,0.0,2026-05-21 21:37:26
248,01/08/2025,31/08/2025,2025,8,EOT,CMS,Préventive,0.0,2026-05-21 21:37:26
249,01/08/2025,31/08/2025,2025,8,EOT,MAG,Total,0.0,2026-05-21 21:37:26
250,01/08/2025,31/08/2025,2025,8,EOT,MAG,Préventive,0.0,2026-05-21 21:37:26
251,01/08/2025,31/08/2025,2025,8,EOT,MEZ,Total,0.0,2026-05-21 21:37:26
252,01/08/2025,31/08/2025,2025,8,EOT,MEZ,Préventive,0.0,2026-05-21 21:37:26
253,01/08/2025,31/08/2025,2025,8,EOT,SEP,Total,0.0,2026-05-21 21:37:26
254,01/08/2025,31/08/2025,2025,8,EOT,SEP,Préventive,0.0,2026-05-21 21:37:26
255,01/08/2025,31/08/2025,2025,8,EOT,THT,Total,0.0,2026-05-21 21:37:26
256,01/08/2025,31/08/2025,2025,8,EOT,THT,Préventive,0.0,2026-05-21 21:37:26
257,01/08/2025,31/08/2025,2025,8,SG,BAT,Curative,1917.86,2026-05-21 21:37:26
258,01/08/2025,31/08/2025,2025,8,SG,BAT,Préventive,0.0,2026-05-21 21:37:26
259,01/08/2025,31/08/2025,2025,8,SG,CMS,Total,0.0,2026-05-21 21:37:26
260,01/08/2025,31/08/2025,2025,8,SG,CMS,Préventive,0.0,2026-05-21 21:37:26
261,01/08/2025,31/08/2025,2025,8,SG,MAG,Total,0.0,2026-05-21 21:37:26
262,01/08/2025,31/08/2025,2025,8,SG,MAG,Préventive,0.0,2026-05-21 21:37:26
263,01/08/2025,31/08/2025,2025,8,SG,THT,Total,0.0,2026-05-21 21:37:26
264,01/08/2025,31/08/2025,2025,8,SG,THT,Curative,0.0,2026-05-21 21:37:26
265,01/08/2025,31/08/2025,2025,8,SG,THT,Préventive,0.0,2026-05-21 21:37:26
266,01/09/2025,30/09/2025,2025,9,EOT,CMS,Total,35.868,2026-05-21 21:37:26
267,01/09/2025,30/09/2025,2025,9,EOT,CMS,Curative,35.868,2026-05-21 21:37:26
268,01/09/2025,30/09/2025,2025,9,EOT,CMS,Préventive,0.0,2026-05-21 21:37:26
269,01/09/2025,30/09/2025,2025,9,EOT,MAG,Total,0.0,2026-05-21 21:37:26
270,01/09/2025,30/09/2025,2025,9,EOT,MAG,Préventive,0.0,2026-05-21 21:37:26
271,01/09/2025,30/09/2025,2025,9,EOT,MEZ,Total,0.0,2026-05-21 21:37:26
272,01/09/2025,30/09/2025,2025,9,EOT,MEZ,Préventive,0.0,2026-05-21 21:37:26
273,01/09/2025,30/09/2025,2025,9,EOT,SEP,Total,0.0,2026-05-21 21:37:26
274,01/09/2025,30/09/2025,2025,9,EOT,SEP,Préventive,0.0,2026-05-21 21:37:26
275,01/09/2025,30/09/2025,2025,9,EOT,THT,Total,0.0,2026-05-21 21:37:26
276,01/09/2025,30/09/2025,2025,9,EOT,THT,Préventive,0.0,2026-05-21 21:37:26
277,01/09/2025,30/09/2025,2025,9,SG,BAT,Curative,3066.259,2026-05-21 21:37:26
278,01/09/2025,30/09/2025,2025,9,SG,BAT,Préventive,31.903,2026-05-21 21:37:26
279,01/09/2025,30/09/2025,2025,9,SG,CMS,Total,0.0,2026-05-21 21:37:26
280,01/09/2025,30/09/2025,2025,9,SG,CMS,Curative,0.0,2026-05-21 21:37:26
281,01/09/2025,30/09/2025,2025,9,SG,CMS,Préventive,0.0,2026-05-21 21:37:26
282,01/09/2025,30/09/2025,2025,9,SG,MAG,Total,772.0,2026-05-21 21:37:26
283,01/09/2025,30/09/2025,2025,9,SG,MAG,Curative,772.0,2026-05-21 21:37:26
284,01/09/2025,30/09/2025,2025,9,SG,MAG,Préventive,0.0,2026-05-21 21:37:26
285,01/09/2025,30/09/2025,2025,9,SG,MEZ,Total,0.0,2026-05-21 21:37:26
286,01/09/2025,30/09/2025,2025,9,SG,MEZ,Préventive,0.0,2026-05-21 21:37:26
287,01/09/2025,30/09/2025,2025,9,SG,THT,Curative,1411.322,2026-05-21 21:37:26
288,01/09/2025,30/09/2025,2025,9,SG,THT,Préventive,0.0,2026-05-21 21:37:26
289,01/09/2025,30/09/2025,2025,9,SG,UAP4,Total,0.0,2026-05-21 21:37:26
290,01/09/2025,30/09/2025,2025,9,SG,UAP4,Préventive,0.0,2026-05-21 21:37:26
291,01/10/2025,31/10/2025,2025,10,EOT,BAT,Total,0.0,2026-05-21 21:37:26
292,01/10/2025,31/10/2025,2025,10,EOT,BAT,Préventive,0.0,2026-05-21 21:37:26
293,01/10/2025,31/10/2025,2025,10,EOT,CMS,Total,0.0,2026-05-21 21:37:26
294,01/10/2025,31/10/2025,2025,10,EOT,CMS,Curative,0.0,2026-05-21 21:37:26
295,01/10/2025,31/10/2025,2025,10,EOT,CMS,Préventive,0.0,2026-05-21 21:37:26
296,01/10/2025,31/10/2025,2025,10,EOT,MAG,Total,0.0,2026-05-21 21:37:26
297,01/10/2025,31/10/2025,2025,10,EOT,MAG,Préventive,0.0,2026-05-21 21:37:26
298,01/10/2025,31/10/2025,2025,10,EOT,MEZ,Total,0.0,2026-05-21 21:37:26
299,01/10/2025,31/10/2025,2025,10,EOT,MEZ,Préventive,0.0,2026-05-21 21:37:26
300,01/10/2025,31/10/2025,2025,10,EOT,SEP,Total,0.0,2026-05-21 21:37:26
301,01/10/2025,31/10/2025,2025,10,EOT,SEP,Curative,0.0,2026-05-21 21:37:26
302,01/10/2025,31/10/2025,2025,10,EOT,SEP,Préventive,0.0,2026-05-21 21:37:26
303,01/10/2025,31/10/2025,2025,10,EOT,THT,Total,0.0,2026-05-21 21:37:26
304,01/10/2025,31/10/2025,2025,10,EOT,THT,Préventive,0.0,2026-05-21 21:37:26
305,01/10/2025,31/10/2025,2025,10,SG,BAT,Total,84.381,2026-05-21 21:37:26
306,01/10/2025,31/10/2025,2025,10,SG,BAT,Curative,84.381,2026-05-21 21:37:26
307,01/10/2025,31/10/2025,2025,10,SG,BAT,Préventive,0.0,2026-05-21 21:37:26
308,01/10/2025,31/10/2025,2025,10,SG,CMS,Total,0.0,2026-05-21 21:37:26
309,01/10/2025,31/10/2025,2025,10,SG,CMS,Curative,0.0,2026-05-21 21:37:26
310,01/10/2025,31/10/2025,2025,10,SG,CMS,Préventive,0.0,2026-05-21 21:37:26
311,01/10/2025,31/10/2025,2025,10,SG,MAG,Total,0.0,2026-05-21 21:37:26
312,01/10/2025,31/10/2025,2025,10,SG,MAG,Curative,0.0,2026-05-21 21:37:26
313,01/10/2025,31/10/2025,2025,10,SG,MAG,Préventive,0.0,2026-05-21 21:37:26
314,01/10/2025,31/10/2025,2025,10,SG,MEZ,Total,0.0,2026-05-21 21:37:26
315,01/10/2025,31/10/2025,2025,10,SG,MEZ,Préventive,0.0,2026-05-21 21:37:26
316,01/10/2025,31/10/2025,2025,10,SG,THT,Curative,4362.574,2026-05-21 21:37:26
317,01/10/2025,31/10/2025,2025,10,SG,THT,Préventive,0.0,2026-05-21 21:37:26
318,01/11/2025,30/11/2025,2025,11,EOT,CMS,Total,0.0,2026-05-21 21:37:26
319,01/11/2025,30/11/2025,2025,11,EOT,CMS,Préventive,0.0,2026-05-21 21:37:26
320,01/11/2025,30/11/2025,2025,11,EOT,MAG,Total,0.0,2026-05-21 21:37:26
321,01/11/2025,30/11/2025,2025,11,EOT,MAG,Préventive,0.0,2026-05-21 21:37:26
322,01/11/2025,30/11/2025,2025,11,EOT,MEZ,Total,0.0,2026-05-21 21:37:26
323,01/11/2025,30/11/2025,2025,11,EOT,MEZ,Préventive,0.0,2026-05-21 21:37:26
324,01/11/2025,30/11/2025,2025,11,EOT,SEP,Total,0.0,2026-05-21 21:37:26
325,01/11/2025,30/11/2025,2025,11,EOT,SEP,Préventive,0.0,2026-05-21 21:37:26
326,01/11/2025,30/11/2025,2025,11,EOT,THT,Total,0.0,2026-05-21 21:37:26
327,01/11/2025,30/11/2025,2025,11,EOT,THT,Préventive,0.0,2026-05-21 21:37:26
328,01/11/2025,30/11/2025,2025,11,SG,BAT,Curative,6070.244,2026-05-21 21:37:26
329,01/11/2025,30/11/2025,2025,11,SG,BAT,Préventive,0.0,2026-05-21 21:37:26
330,01/11/2025,30/11/2025,2025,11,SG,CMS,Total,0.0,2026-05-21 21:37:26
331,01/11/2025,30/11/2025,2025,11,SG,CMS,Curative,0.0,2026-05-21 21:37:26
332,01/11/2025,30/11/2025,2025,11,SG,CMS,Préventive,0.0,2026-05-21 21:37:26
333,01/11/2025,30/11/2025,2025,11,SG,MAG,Total,0.0,2026-05-21 21:37:26
334,01/11/2025,30/11/2025,2025,11,SG,MAG,Préventive,0.0,2026-05-21 21:37:26
335,01/11/2025,30/11/2025,2025,11,SG,THT,Total,480.241,2026-05-21 21:37:26
336,01/11/2025,30/11/2025,2025,11,SG,THT,Curative,480.241,2026-05-21 21:37:26
337,01/11/2025,30/11/2025,2025,11,SG,THT,Préventive,0.0,2026-05-21 21:37:26
338,01/12/2025,31/12/2025,2025,12,EOT,CMS,Total,0.0,2026-05-21 21:37:26
339,01/12/2025,31/12/2025,2025,12,EOT,CMS,Curative,0.0,2026-05-21 21:37:26
340,01/12/2025,31/12/2025,2025,12,EOT,CMS,Préventive,0.0,2026-05-21 21:37:26
341,01/12/2025,31/12/2025,2025,12,EOT,MAG,Total,0.0,2026-05-21 21:37:26
342,01/12/2025,31/12/2025,2025,12,EOT,MAG,Préventive,0.0,2026-05-21 21:37:26
343,01/12/2025,31/12/2025,2025,12,EOT,MEZ,Total,0.0,2026-05-21 21:37:26
344,01/12/2025,31/12/2025,2025,12,EOT,MEZ,Préventive,0.0,2026-05-21 21:37:26
345,01/12/2025,31/12/2025,2025,12,EOT,SEP,Total,0.0,2026-05-21 21:37:26
346,01/12/2025,31/12/2025,2025,12,EOT,SEP,Préventive,0.0,2026-05-21 21:37:26
347,01/12/2025,31/12/2025,2025,12,EOT,THT,Total,0.0,2026-05-21 21:37:26
348,01/12/2025,31/12/2025,2025,12,EOT,THT,Préventive,0.0,2026-05-21 21:37:26
349,01/12/2025,31/12/2025,2025,12,SG,BAT,Curative,5866.068,2026-05-21 21:37:26
350,01/12/2025,31/12/2025,2025,12,SG,BAT,Préventive,374.659,2026-05-21 21:37:26
351,01/12/2025,31/12/2025,2025,12,SG,MAG,Total,0.0,2026-05-21 21:37:26
352,01/12/2025,31/12/2025,2025,12,SG,MAG,Préventive,0.0,2026-05-21 21:37:26
353,01/12/2025,31/12/2025,2025,12,SG,THT,Curative,4719.285,2026-05-21 21:37:26
354,01/12/2025,31/12/2025,2025,12,SG,THT,Préventive,0.0,2026-05-21 21:37:26
